respondent,segment,too_cheap,cheap,expensive,too_expensive,buy_cheap,buy_expensive
r001,Solo,19.9,35.36,53.0,94.28,3,2
r002,Clinic,41.67,72.29,112.86,184.47,3,3
r003,Clinic,36.76,75.42,119.11,235.44,5,4
r004,Solo,17.76,56.95,41.43,90.9,5,2
r005,Clinic,31.26,88.91,120.89,188.0,5,3
r006,Clinic,42.48,73.06,117.45,223.6,4,2
r007,Solo,20.54,35.81,52.71,81.92,3,1
r008,Clinic,21.9,57.21,90.35,129.62,5,2
r009,Clinic,35.23,72.29,114.12,206.9,5,3
r010,Solo,9.79,21.98,43.3,72.69,5,2
r011,Clinic,28.88,43.76,79.66,119.69,3,2
r012,Clinic,27.53,57.01,99.77,,5,4
r013,Solo,14.69,40.44,51.45,82.13,4,1
r014,Clinic,22.96,60.66,99.44,132.3,4,1
r015,Clinic,22.13,40.93,64.32,116.46,4,4
r016,Solo,8.93,25.42,38.69,54.68,5,2
r017,Clinic,28.51,67.92,116.34,202.89,4,2
r018,Clinic,29.53,49.55,74.95,138.89,3,1
r019,Solo,8.81,13.15,20.26,31.83,5,3
r020,Clinic,36.93,76.87,103.56,165.76,5,2
r021,Clinic,36.89,75.14,91.09,159.77,4,4
r022,Solo,14.56,31.41,49.58,78.29,4,2
r023,Clinic,30.56,75.57,121.95,147.8,4,1
r024,Clinic,33.41,68.29,129.33,171.05,4,4
r025,Solo,15.69,35.07,52.43,66.31,3,1
r026,Clinic,42.48,78.45,99.88,168.41,4,3
r027,Clinic,37.65,58.86,107.89,146.12,4,2
r028,Solo,12.72,24.35,45.62,58.7,3,4
r029,Clinic,25.7,40.43,78.63,109.36,3,3
r030,Clinic,29.74,68.12,109.92,140.29,3,3
r031,Solo,17.02,43.32,53.02,75.54,4,1
r032,Clinic,38.21,68.49,98.3,156.58,4,1
r033,Clinic,29.35,53.75,87.22,122.4,4,1
r034,Solo,12.28,22.31,41.07,65.63,5,3
r035,Clinic,31.66,60.91,118.28,171.59,4,3
r036,Clinic,22.1,49.95,85.5,114.04,5,1
r037,Solo,14.12,25.0,41.18,53.27,5,3
r038,Clinic,25.02,53.82,88.43,143.79,4,2
r039,Clinic,29.23,52.21,96.9,124.09,5,4
r040,Solo,23.24,38.97,56.46,74.68,4,1
