date,platform,format,topic,views,likes,comments,shares,length_words
2026-03-02,linkedin,image,opinion,2632,71,25,3,203
2026-03-04,instagram,video,opinion,7468,426,46,18,158
2026-03-06,linkedin,video,how-to,5811,218,59,10,203
2026-03-08,instagram,text,opinion,11460,410,72,21,72
2026-03-11,linkedin,image,opinion,5008,202,28,9,239
2026-03-13,instagram,video,how-to,2894,89,24,12,170
2026-03-15,linkedin,image,behind-the-scenes,2267,112,36,8,200
2026-03-18,instagram,video,news,7880,220,42,34,73
2026-03-20,linkedin,image,opinion,3019,67,15,2,227
2026-03-22,instagram,video,behind-the-scenes,3466,201,53,28,59
2026-03-25,linkedin,text,behind-the-scenes,1438,45,5,5,221
2026-03-27,instagram,video,news,3997,259,79,11,169
2026-03-29,linkedin,text,how-to,2099,57,10,7,151
2026-03-31,instagram,image,how-to,5734,232,40,12,160
2026-04-03,linkedin,video,behind-the-scenes,2004,28,8,2,104
2026-04-05,instagram,text,opinion,6808,312,31,40,91
2026-04-07,linkedin,image,how-to,4345,164,48,13,75
2026-04-10,instagram,video,how-to,1678,78,35,11,196
2026-04-12,linkedin,image,news,1899,70,14,4,315
2026-04-14,instagram,image,opinion,7496,304,37,29,190
2026-04-17,linkedin,image,how-to,4058,121,25,13,307
2026-04-19,instagram,video,behind-the-scenes,3483,149,39,25,174
2026-04-21,linkedin,image,how-to,4982,202,71,21,233
2026-04-23,instagram,video,how-to,6261,719,153,88,295
2026-04-26,linkedin,video,behind-the-scenes,8010,307,99,22,142
2026-04-28,instagram,text,behind-the-scenes,4840,72,25,6,102
2026-04-30,linkedin,text,opinion,4194,64,10,6,139
2026-05-03,instagram,text,how-to,5120,92,14,9,136
2026-05-05,linkedin,video,behind-the-scenes,4709,207,32,12,95
2026-05-07,instagram,text,news,2072,27,10,2,222
2026-05-10,linkedin,video,how-to,3388,127,27,15,95
2026-05-12,instagram,text,news,4961,77,31,14,150
2026-05-14,linkedin,image,how-to,2840,67,8,3,293
2026-05-16,instagram,video,opinion,2658,79,20,12,83
2026-05-19,linkedin,video,opinion,7245,343,113,18,249
2026-05-21,instagram,text,news,6173,148,57,6,99
2026-05-23,linkedin,video,opinion,3096,91,25,13,57
2026-05-26,instagram,video,behind-the-scenes,8021,224,86,25,271
2026-05-28,linkedin,video,opinion,1641,75,7,6,91
2026-05-30,instagram,text,opinion,5799,206,72,24,131
